<?xml version="1.0" encoding="UTF-8"?>
<project-private xmlns="http://www.netbeans.org/ns/project-private/1">
    <editor-bookmarks xmlns="http://www.netbeans.org/ns/editor-bookmarks/2" lastBookmarkId="0"/>
    <open-files xmlns="http://www.netbeans.org/ns/projectui-open-files/2">
        <group>
            <file>file:/C:/Users/tusk/Documents/NetBeansProjects/EstructurasDeDatos/src/estructurasdedatos/cap1/complejidad/Condicionales.java</file>
            <file>file:/C:/Users/tusk/Documents/NetBeansProjects/EstructurasDeDatos/src/estructurasdedatos/cap2/listas/ListaDoble.java</file>
            <file>file:/C:/Users/tusk/Documents/NetBeansProjects/EstructurasDeDatos/src/estructurasdedatos/cap1/tiposdedatos/EjercicioTiposDeDatos.java</file>
            <file>file:/C:/Users/tusk/Documents/NetBeansProjects/EstructurasDeDatos/src/estructurasdedatos/cap2/listas/MatrizDispersa.java</file>
            <file>file:/C:/Users/tusk/Documents/NetBeansProjects/EstructurasDeDatos/src/estructurasdedatos/cap4/arboles/ArbolAVL.java</file>
            <file>file:/C:/Users/tusk/Documents/NetBeansProjects/EstructurasDeDatos/src/estructurasdedatos/cap1/complejidad/Ciclos.java</file>
            <file>file:/C:/Users/tusk/Documents/NetBeansProjects/EstructurasDeDatos/src/estructurasdedatos/cap5/grafos/Dijkstra.java</file>
            <file>file:/C:/Users/tusk/Documents/NetBeansProjects/EstructurasDeDatos/src/estructurasdedatos/cap1/complejidad/EjerciciosComplejidad.java</file>
            <file>file:/C:/Users/tusk/Documents/NetBeansProjects/EstructurasDeDatos/src/estructurasdedatos/utiles/nodos/NodoObjeto.java</file>
            <file>file:/C:/Users/tusk/Documents/NetBeansProjects/EstructurasDeDatos/src/estructurasdedatos/cap4/arboles/ArbolB.java</file>
            <file>file:/C:/Users/tusk/Documents/NetBeansProjects/EstructurasDeDatos/src/estructurasdedatos/utiles/nodos/NodoArbolN.java</file>
            <file>file:/C:/Users/tusk/Documents/NetBeansProjects/EstructurasDeDatos/src/estructurasdedatos/EstructurasDeDatos.java</file>
            <file>file:/C:/Users/tusk/Documents/NetBeansProjects/EstructurasDeDatos/src/estructurasdedatos/cap5/grafos/FloydWarshall.java</file>
            <file>file:/C:/Users/tusk/Documents/NetBeansProjects/EstructurasDeDatos/src/estructurasdedatos/utiles/nodos/NodoSimple.java</file>
            <file>file:/C:/Users/tusk/Documents/NetBeansProjects/EstructurasDeDatos/src/estructurasdedatos/utiles/nodos/NodoDoble.java</file>
            <file>file:/C:/Users/tusk/Documents/NetBeansProjects/EstructurasDeDatos/src/estructurasdedatos/cap3/mapas/Mapa.java</file>
            <file>file:/C:/Users/tusk/Documents/NetBeansProjects/EstructurasDeDatos/src/estructurasdedatos/cap2/listas/ColaPrioritaria.java</file>
            <file>file:/C:/Users/tusk/Documents/NetBeansProjects/EstructurasDeDatos/src/estructurasdedatos/utiles/nodos/NodoArbolB.java</file>
            <file>file:/C:/Users/tusk/Documents/NetBeansProjects/EstructurasDeDatos/src/estructurasdedatos/cap2/arreglos/Matriz.java</file>
            <file>file:/C:/Users/tusk/Documents/NetBeansProjects/EstructurasDeDatos/src/estructurasdedatos/cap2/listas/ListaSimple.java</file>
            <file>file:/C:/Users/tusk/Documents/NetBeansProjects/EstructurasDeDatos/src/estructurasdedatos/utiles/nodos/NodoEntero.java</file>
            <file>file:/C:/Users/tusk/Documents/NetBeansProjects/EstructurasDeDatos/src/estructurasdedatos/cap3/mapas/Diccionario.java</file>
            <file>file:/C:/Users/tusk/Documents/NetBeansProjects/EstructurasDeDatos/src/estructurasdedatos/cap3/mapas/TablaHash.java</file>
            <file>file:/C:/Users/tusk/Documents/NetBeansProjects/EstructurasDeDatos/src/estructurasdedatos/cap2/listas/Pila.java</file>
            <file>file:/C:/Users/tusk/Documents/NetBeansProjects/EstructurasDeDatos/src/estructurasdedatos/cap2/arreglos/Vector.java</file>
            <file>file:/C:/Users/tusk/Documents/NetBeansProjects/EstructurasDeDatos/src/estructurasdedatos/cap1/tiposdedatos/TiposPrimitivos.java</file>
            <file>file:/C:/Users/tusk/Documents/NetBeansProjects/EstructurasDeDatos/src/estructurasdedatos/cap2/listas/Cola.java</file>
            <file>file:/C:/Users/tusk/Documents/NetBeansProjects/EstructurasDeDatos/src/estructurasdedatos/cap5/grafos/Grafo.java</file>
            <file>file:/C:/Users/tusk/Documents/NetBeansProjects/EstructurasDeDatos/src/estructurasdedatos/utiles/nodos/NodoArbolAVL.java</file>
            <file>file:/C:/Users/tusk/Documents/NetBeansProjects/EstructurasDeDatos/src/estructurasdedatos/cap2/listas/ListaCircular.java</file>
        </group>
    </open-files>
</project-private>
